SourceShortCode,Type,SourceLink,Shortcode,Username,Profile ID,Media Type,Video View Count,Likes,Comments,Date created,Caption,URL,MatchTerm
,Comment,,,blogroberto_noticias,7337643352952775,photos,2768,0,0,2024-09-16 00:45:48,Queimadas e estiagem pode aumentar o pre√ßo dos alimentos  Ap√≥s uma desacelera√ß√£o nos √≠ndices de infla√ß√£o de alimentos em julho e agosto  espera-se que a alta nos pre√ßos dos alimentos no domic√≠lio retorne em setembro. A expectativa de aumento √© consequ√™ncia da estiagem severa e pelas queimadas que t√™m afetado diversas regi√µes do Brasil. Estes eventos clim√°ticos t√™m prejudicado a vida cotidiana e a produ√ß√£o de itens essenciais como carne bovina  frutas e derivados do leite.  Reprodu√ß√£o.,,
,Comment,,,exclusivo24hs,740498240989270,photos,11822,246,9,2024-09-16 00:42:46,üåéA Pol√≠cia Civil investiga a morte de um homem encontrado em uma √°rea de mata no bairro Cecap  em Limeira  no interior de S√£o Paulo  no in√≠cio da tarde do √∫ltimo s√°bado (14). Policiais militares que estiveram no local ouviram de vizinhos. O homem entrou no matagal por volta do meio-dia na inten√ß√£o de apagar focos de inc√™ndio. Ele teria sido atingido na cabe√ßa por um galho que caiu de uma √°rvore. Um m√©dico do Samu (Servi√ßo de Atendimento M√≥vel de Urg√™ncia) constatou a morte no local.  ‚Äî A mesma mata j√° havia sido atingida por um inc√™ndio anteriormente  segundo os moradores relataram aos PMs. Uma das hip√≥teses √© que o fogo tenha fragilizado a √°rvore em quest√£o. O tempo seco e calor auxiliam a propaga√ß√£o de focos de inc√™ndio por todo estado. Pouco antes das 17h30 deste s√°bado  a Defesa Civil disse atuar em parceria com o Corpo de Bombeiros em 12 munic√≠pios com inc√™ndios florestais. Ao todo  17 aeronaves est√£o em opera√ß√£o. Na capital havia um foco de inc√™ndio ativo no parque do Carmo  na zona leste. Na Grande S√£o Paulo  a equipe atuava em Franco da Rocha. (Foto: Arquivo Pessoal) (Fonte: folha.uol.com.br) <redacted_mention>,,
,Comment,,,maismsnoticias,462413782923378,photos,11820,0,37,2024-09-16 00:37:43,O ministro Fl√°vio Dino  do Supremo Tribunal Federal (STF)  reconheceu a crise clim√°tica causada pelas queimadas em todo o Pa√≠s e determinou uma s√©rie de medidas a serem adotadas pelo governo federal para conter a devasta√ß√£o em biomas como a Amaz√¥nia e o Cerrado. Em decis√£o expedida neste domingo  15  o magistrado autorizou  por exemplo  a abertura de cr√©dito extraordin√°rio  fora do arcabou√ßo fiscal  para fazer frente √† devasta√ß√£o.  A autoriza√ß√£o de gastos fora da regra fiscal vale at√© o final deste ano. Os recursos extraordin√°rios  contudo  s√≥ podem ser utilizados no combate ao fogo. Dino argumentou na decis√£o que a crise clim√°tica provocada pelas queimadas  que j√° atingem 60% do territ√≥rio nacional  √© semelhante √† trag√©dia provocada pelas enchentes no Rio Grande do Sul meses atr√°s.  ‚ÄúA semelhan√ßa jur√≠dica √© n√≠tida em rela√ß√£o √†s recentes enchentes no Rio Grande do Sul  que redundaram em intensas medidas de socorro e repara√ß√£o‚Äù  argumentou. ‚ÄúSob a perspectiva de conflito entre valores constitucionais (Responsabilidade Fiscal e Responsabilidade Ambiental)  deve-se fazer preponderar aquele que possui o maior risco de extinguir-se irremediavelmente  qual seja  o Meio Ambiente e a Vida das popula√ß√µes afetadas‚Äù  prosseguiu o ministro.  Em maio  o Congresso aprovou projeto de decreto legislativo  assinado por Lula  permitindo que despesas do governo para socorro ao Rio Grande do Sul  ap√≥s a crise das enchentes  fossem exclu√≠das do limite de gastos e da meta de resultado prim√°rio.  Dino ainda autorizou o governo do presidente Luiz In√°cio Lula da Silva a eliminar o intervalo de tempo previsto em lei para contratar brigadistas tempor√°rios pelo Ibama e ICMBio. Atualmente  os √≥rg√£os ambientais precisam esperar tr√™s meses para efetuar novas contrata√ß√µes. O interregno ficar√° suspenso at√© o final deste ano  assim como os gastos fora do arcabou√ßo fiscal.  Link da mat√©ria completa nos stories.,,
,Comment,,,jc_pe,1601088007089299,photos,61285,1101,203,2024-09-16 00:37:38,"A candidata √† prefeitura do Recife pelo PSOL  Dani Portela  esteve na Parada da Diversidade 2024  realizada neste domingo (15)  na Avenida Boa Viagem  na Zona Sul da Capital. Acompanhada da vice Alice Gabino (Rede)  Dani defendeu pol√≠ticas de igualdade para a popula√ß√£o LGBTQIAP+.  ‚ÄúH√° muitos anos venho refor√ßando a import√¢ncia da popula√ß√£o da comunidade LGBTQIAPN+ para o Recife  para o Estado e para o Brasil. Desde toda a minha atua√ß√£o pol√≠tica  essa popula√ß√£o sempre esteve entre as minhas prioridades‚Äù  disse a candidata.  Durante o evento  ela conversou com ativistas  apoiadores e militantes  afirmando que  caso seja eleita  dar√° prioridade √† cria√ß√£o de projetos que garantam a seguran√ßa e a dignidade de todas as pessoas.  ""Al√©m do direito √† vida  precisamos lutar por condi√ß√µes m√≠nimas de exist√™ncia para essa popula√ß√£o. A falta de pol√≠ticas de enfrentamento √†s viol√™ncias de ra√ßa e g√™nero no ambiente escolar √© a principal causa para o alto √≠ndice de evas√£o. A sa√≠da precoce da escola colabora para que esta popula√ß√£o n√£o acesse uma qualifica√ß√£o profissional que lhe garanta condi√ß√µes de ingressar no mercado de trabalho e faz com que a maioria esteja em subempregos  na informalidade prec√°ria ou sobrevivendo da prostitui√ß√£o ou sem ocupa√ß√£o‚Äù  destacou.  Saiba mais em JC.COM.BR  Foto: Fran Silva/Divulga√ß√£o  #Elei√ß√µesSJCC #Elei√ß√µes2024 #DaniPortela #kn",,
,Comment,,,newsrondonia,731386775690008,videos,920,8,1,2024-09-16 00:37:32,Opera√ß√£o Tempor√£: Refor√ßo A√©reo Acelera Combate aos Inc√™ndios no Parque Guajar√°-Mirim com Helic√≥ptero Falc√£o 2  https://newsrondonia.com.br/noticias/2024/09/15/operacao-tempora-reforco-aereo-acelera-combate-aos-incendios-no-parque-guajara-mirim-com-helicoptero-falcao-2/,,
,Comment,,,sargentogalesco_,444151362001859,videos,21779,1156,27,2024-09-16 00:37:18,Uma opera√ß√£o de guerr4 no estado de S√£o Paulo  contra as queimadas que est√£o destruindo nossas matas  parab√©ns aos envolvidos e orgulho de pertencer h√° mais 39 anos na institui√ß√£o PMESP  firmes na miss√£o...,,
,Comment,,,bolsomitoapoio,2953785808096510,videos,4086,586,26,2024-09-16 00:36:19,E agora Jos√©  voc√™ acredita que o Lula √© um negacionista das queimadas?,,
,Comment,,,hariloversofc,299025929460784,photos,34482,4687,7,2024-09-16 00:34:31,‚úäüèª‚ù§ . . . . #mchariel #post #viral #explore #explorar #fy #fypage #queimadas,,
,Comment,,,anderson_guaranii,1617952785428098,videos,21951,1777,48,2024-09-16 00:34:07,A natureza pede socorro   chega de queimadas !! _ v√≠deo via Internet  _ #queimadas,,
